{
  "model": "RandomForest",
  "random_state": 8,
  "hyperparameters": {
    "n_estimators": 300,
    "max_depth": 20,
    "min_samples_split": 10,
    "min_samples_leaf": 2,
    "max_features": "sqrt"
  },
  "accuracy": 0.849,
  "balanced_accuracy": 0.849,
  "precision_macro": 0.8531985659457157,
  "recall_macro": 0.849,
  "f1_macro": 0.8458950422642839,
  "precision_weighted": 0.8531985659457159,
  "recall_weighted": 0.849,
  "f1_weighted": 0.8458950422642841,
  "roc_auc_macro_ovr": 0.9666638638124999,
  "roc_auc_weighted_ovr": 0.9666638638124999,
  "matthews_corrcoef": 0.8144986102815572,
  "cohen_kappa": 0.81125,
  "training_time_seconds": 47.908525399980135,
  "inference_time_seconds_full_test_set": 0.8530719999980647,
  "inference_time_ms_per_sample": 0.008530719999980648,
  "model_size_mb": 146.39538764953613,
  "model_size_bytes": 153506690,
  "per_class_report": {
    "BENIGN": {
      "precision": 0.9989510489510489,
      "recall": 0.99995,
      "f1-score": 0.9994502748625688,
      "support": 20000.0
    },
    "NTP": {
      "precision": 0.9982019778243931,
      "recall": 0.9993,
      "f1-score": 0.9987506871220828,
      "support": 20000.0
    },
    "SSDP": {
      "precision": 0.5966212789200578,
      "recall": 0.7646,
      "f1-score": 0.670246104621858,
      "support": 20000.0
    },
    "TFTP": {
      "precision": 0.9996496847162446,
      "recall": 0.99875,
      "f1-score": 0.999199639837927,
      "support": 20000.0
    },
    "UDP": {
      "precision": 0.6725688393168351,
      "recall": 0.4824,
      "f1-score": 0.5618285048769835,
      "support": 20000.0
    },
    "accuracy": 0.849,
    "macro avg": {
      "precision": 0.8531985659457157,
      "recall": 0.849,
      "f1-score": 0.8458950422642839,
      "support": 100000.0
    },
    "weighted avg": {
      "precision": 0.8531985659457159,
      "recall": 0.849,
      "f1-score": 0.8458950422642841,
      "support": 100000.0
    }
  },
  "n_features_used": 41
}